<?xml version="1.0"?>
<answers xmlns:xsi="http://www.w3.org/2001/XMLSchema-instance" xmlns:xsd="http://www.w3.org/2001/XMLSchema">
  <organization id="Organization1">
    <item id="JavaTest1">
      <question answer="11100">
        <rank>1</rank>
      </question>
      <question answer="100">
        <rank>1</rank>
      </question>
      <passRank>2</passRank>
    </item>
    <item id="JavaTest2">
      <question answer="100">
        <rank>1</rank>
      </question>
      <question answer="Collection">
        <rank>1</rank>
      </question>
      <passRank>2</passRank>
    </item>
    <item id="C_Test1">
      <question answer="100">
        <rank>1</rank>
      </question>
      <question answer="100">
        <rank>1</rank>
      </question>
      <passRank>2</passRank>
    </item>
    <item id="ControlTest">
      <question answer="6">
        <rank>1</rank>
      </question>
      <question answer="2">
        <rank>1</rank>
      </question>
      <question answer="11">
        <rank>1</rank>
      </question>
      <passRank>3</passRank>
    </item>
  </organization>
</answers>