<?xml version="1.0"?>
<manifest xmlns:imsss="http://www.imsglobal.org/xsd/imsss" xmlns:adlnav="http://www.adlnet.org/xsd/adlnav_v1p3" xmlns:imsmd="http://www.imsglobal.org/xsd/imsmd_v1p2" xmlns:adlseq="http://www.adlnet.org/xsd/adlseq_v1p3" xmlns:adlcp="http://www.adlnet.org/xsd/adlcp_v1p3" identifier="SampleCourse3" xmlns="http://www.imsglobal.org/xsd/imscp_v1p1">
  <organizations default="Organization1">
    <organization identifier="Organization1">
      <title>SampleCourse3</title>
      <item identifier="Java" identifierref="" pagetype="Chapter">
        <title>Java</title>
        <item identifier="JavaEN" identifierref="New_Theory" pagetype="Theory">
          <title>JavaEN</title>
          <imsss:sequencing>
            <imsss:controlMode flow="true" />
            <imsss:auxiliaryResources />
          </imsss:sequencing>
        </item>
        <item identifier="JavaUA" identifierref="New_Theory_1" pagetype="Theory">
          <title>JavaUA</title>
          <imsss:sequencing>
            <imsss:controlMode flow="true" />
            <imsss:auxiliaryResources />
          </imsss:sequencing>
        </item>
        <item identifier="JavaTest1" identifierref="New_Examination" pagetype="Question">
          <title>JavaTest1</title>
          <imsss:sequencing>
            <imsss:controlMode choice="false" flow="true" forwardOnly="true" />
            <imsss:limitConditions attemptLimit="1" />
            <imsss:auxiliaryResources />
          </imsss:sequencing>
        </item>
        <item identifier="JavaTest2" identifierref="New_Examination_1" pagetype="Question">
          <title>JavaTest2</title>
          <imsss:sequencing>
            <imsss:controlMode choice="false" flow="true" forwardOnly="true" />
            <imsss:limitConditions attemptLimit="1" />
            <imsss:auxiliaryResources />
          </imsss:sequencing>
        </item>
      </item>
      <item identifier="C_" identifierref="" pagetype="Chapter">
        <title>C#</title>
        <item identifier="C_EN" identifierref="New_Theory_2" pagetype="Theory">
          <title>C#EN</title>
          <imsss:sequencing>
            <imsss:controlMode flow="true" />
            <imsss:auxiliaryResources />
          </imsss:sequencing>
        </item>
        <item identifier="C_UA" identifierref="New_Theory_3" pagetype="Theory">
          <title>C#UA</title>
          <imsss:sequencing>
            <imsss:controlMode flow="true" />
            <imsss:auxiliaryResources />
          </imsss:sequencing>
        </item>
        <item identifier="C_Test1" identifierref="New_Examination_2" pagetype="Question">
          <title>C#Test1</title>
          <imsss:sequencing>
            <imsss:controlMode choice="false" flow="true" forwardOnly="true" />
            <imsss:limitConditions attemptLimit="1" />
            <imsss:auxiliaryResources />
          </imsss:sequencing>
        </item>
      </item>
      <item identifier="ControlChapter" identifierref="" pagetype="ControlChapter">
        <title>ControlChapter</title>
        <item identifier="ControlTest" identifierref="New_Examination_3" pagetype="Question">
          <title>ControlTest</title>
          <imsss:sequencing>
            <imsss:controlMode choice="false" flow="true" forwardOnly="true" />
            <imsss:limitConditions attemptLimit="1" />
            <imsss:auxiliaryResources />
          </imsss:sequencing>
        </item>
      </item>
    </organization>
  </organizations>
  <resources>
    <resource adlcp:scormType="asset" identifier="New_Theory" type="webcontent" href="New_Theory.html">
      <file href="New_Theory.html" />
      <description />
    </resource>
    <resource adlcp:scormType="asset" identifier="New_Theory_1" type="webcontent" href="New_Theory_1.html">
      <file href="New_Theory_1.html" />
      <description />
    </resource>
    <resource adlcp:scormType="asset" identifier="New_Theory_2" type="webcontent" href="New_Theory_2.html">
      <file href="New_Theory_2.html" />
      <description />
    </resource>
    <resource adlcp:scormType="asset" identifier="New_Theory_3" type="webcontent" href="New_Theory_3.html">
      <file href="New_Theory_3.html" />
      <description />
    </resource>
    <resource adlcp:scormType="sco" identifier="New_Examination" type="webcontent" href="New_Examination.html">
      <file href="New_Examination.html" />
      <description />
    </resource>
    <resource adlcp:scormType="sco" identifier="New_Examination_1" type="webcontent" href="New_Examination_1.html">
      <file href="New_Examination_1.html" />
      <description />
    </resource>
    <resource adlcp:scormType="sco" identifier="New_Examination_2" type="webcontent" href="New_Examination_2.html">
      <file href="New_Examination_2.html" />
      <description />
    </resource>
    <resource adlcp:scormType="sco" identifier="New_Examination_3" type="webcontent" href="New_Examination_3.html">
      <file href="New_Examination_3.html" />
      <description />
    </resource>
  </resources>
  <Title>SampleCourse3</Title>
</manifest>