<?xml version="1.0"?>
<answers xmlns:xsi="http://www.w3.org/2001/XMLSchema-instance" xmlns:xsd="http://www.w3.org/2001/XMLSchema">
  <organization id="Organization1">
    <item id="Examination1">
      <question answer="123">
        <rank>1</rank>
      </question>
      <passRank>1</passRank>
    </item>
    <item id="_Examination2">
      <question answer="123">
        <rank>1</rank>
      </question>
      <question answer="010">
        <rank>1</rank>
      </question>
      <passRank>1</passRank>
    </item>
    <item id="Examination3">
      <question answer="123">
        <rank>1</rank>
      </question>
      <passRank>1</passRank>
    </item>
    <item id="Control_Examination">
      <question xsi:type="CompiledQuestion" memory_limit="11534336" time_limit="33000000" output_limit="23068672">
        <rank>2</rank>
        <language>Java</language>
        <testcase>
          <output>b1b1b1b1</output>
          <input>a1a1a1a1</input>
        </testcase>
        <testcase>
          <output>b2b2b2b2</output>
          <input>a2a2a2a2</input>
        </testcase>
      </question>
      <passRank>1</passRank>
    </item>
  </organization>
</answers>