<?xml version="1.0"?>
<manifest xmlns:imsss="http://www.imsglobal.org/xsd/imsss" xmlns:adlnav="http://www.adlnet.org/xsd/adlnav_v1p3" xmlns:imsmd="http://www.imsglobal.org/xsd/imsmd_v1p2" xmlns:adlseq="http://www.adlnet.org/xsd/adlseq_v1p3" xmlns:adlcp="http://www.adlnet.org/xsd/adlcp_v1p3" identifier="Course" xmlns="http://www.imsglobal.org/xsd/imscp_v1p1">
  <organizations default="Organization1">
    <organization identifier="Organization1">
      <title>Course</title>
      <item identifier="Chapter1" identifierref="" pagetype="Chapter">
        <title>Chapter1</title>
        <item identifier="Theory1" identifierref="New_Theory" pagetype="Theory">
          <title>Theory1</title>
          <imsss:sequencing>
            <imsss:controlMode flow="true" />
            <imsss:auxiliaryResources />
          </imsss:sequencing>
        </item>
        <item identifier="Examination1" identifierref="New_Examination" pagetype="Question">
          <title>Examination1</title>
          <imsss:sequencing>
            <imsss:controlMode choice="false" flow="true" forwardOnly="true" />
            <imsss:limitConditions attemptLimit="1" />
            <imsss:auxiliaryResources />
          </imsss:sequencing>
        </item>
      </item>
      <item identifier="Chapter2" identifierref="" pagetype="Chapter">
        <title>Chapter2</title>
        <item identifier="Theory2" identifierref="New_Theory_1" pagetype="Theory">
          <title>Theory2</title>
          <imsss:sequencing>
            <imsss:controlMode flow="true" />
            <imsss:auxiliaryResources />
          </imsss:sequencing>
        </item>
        <item identifier="_Examination2" identifierref="New_Examination_1" pagetype="Question">
          <title> Examination2</title>
          <imsss:sequencing>
            <imsss:controlMode choice="false" flow="true" forwardOnly="true" />
            <imsss:limitConditions attemptLimit="1" />
            <imsss:auxiliaryResources />
          </imsss:sequencing>
        </item>
        <item identifier="Examination3" identifierref="New_Examination_2" pagetype="Question">
          <title>Examination3</title>
          <imsss:sequencing>
            <imsss:controlMode choice="false" flow="true" forwardOnly="true" />
            <imsss:limitConditions attemptLimit="1" />
            <imsss:auxiliaryResources />
          </imsss:sequencing>
        </item>
      </item>
      <item identifier="Control_Chapter" identifierref="" pagetype="ControlChapter">
        <title>Control Chapter</title>
        <item identifier="Control_Examination" identifierref="New_Examination_3" pagetype="Question">
          <title>Control Examination</title>
          <imsss:sequencing>
            <imsss:controlMode choice="false" flow="true" forwardOnly="true" />
            <imsss:limitConditions attemptLimit="1" />
            <imsss:auxiliaryResources />
          </imsss:sequencing>
        </item>
      </item>
    </organization>
  </organizations>
  <resources>
    <resource adlcp:scormType="asset" identifier="New_Theory" type="webcontent" href="New_Theory.html">
      <file href="New_Theory.html" />
      <description />
    </resource>
    <resource adlcp:scormType="asset" identifier="New_Theory_1" type="webcontent" href="New_Theory_1.html">
      <file href="New_Theory_1.html" />
      <description />
    </resource>
    <resource adlcp:scormType="sco" identifier="New_Examination" type="webcontent" href="New_Examination.html">
      <file href="New_Examination.html" />
      <description />
    </resource>
    <resource adlcp:scormType="sco" identifier="New_Examination_1" type="webcontent" href="New_Examination_1.html">
      <file href="New_Examination_1.html" />
      <description />
    </resource>
    <resource adlcp:scormType="sco" identifier="New_Examination_2" type="webcontent" href="New_Examination_2.html">
      <file href="New_Examination_2.html" />
      <description />
    </resource>
    <resource adlcp:scormType="sco" identifier="New_Examination_3" type="webcontent" href="New_Examination_3.html">
      <file href="New_Examination_3.html" />
      <description />
    </resource>
  </resources>
  <Title>Course</Title>
</manifest>