<xml xmlns:o="urn:schemas-microsoft-com:office:office">
 <o:MainFile HRef="../New_Theory_2.html"/>
 <o:File HRef="themedata.thmx"/>
 <o:File HRef="colorschememapping.xml"/>
 <o:File HRef="image001.png"/>
 <o:File HRef="image002.gif"/>
 <o:File HRef="image003.png"/>
 <o:File HRef="image004.gif"/>
 <o:File HRef="image005.png"/>
 <o:File HRef="image006.gif"/>
 <o:File HRef="image007.png"/>
 <o:File HRef="image008.gif"/>
 <o:File HRef="image009.gif"/>
 <o:File HRef="image010.png"/>
 <o:File HRef="image011.gif"/>
 <o:File HRef="filelist.xml"/>
</xml>