<?xml version="1.0"?>
<answers xmlns:xsi="http://www.w3.org/2001/XMLSchema-instance" xmlns:xsd="http://www.w3.org/2001/XMLSchema">
  <organization id="Organization1">
    <item id="New_Examination">
      <question answer="0100">
        <rank>1</rank>
      </question>
      <passRank>1</passRank>
    </item>
    <item id="New_Examination_1">
      <question answer="0100">
        <rank>1</rank>
      </question>
      <passRank>1</passRank>
    </item>
    <item id="New_Examination_2">
      <question answer="0010">
        <rank>1</rank>
      </question>
      <passRank>1</passRank>
    </item>
    <item id="New_Examination_3">
      <question answer="0100">
        <rank>1</rank>
      </question>
      <passRank>1</passRank>
    </item>
    <item id="New_Examination_4">
      <question answer="0100">
        <rank>1</rank>
      </question>
      <passRank>1</passRank>
    </item>
    <item id="New_Examination_5">
      <question answer="0001">
        <rank>1</rank>
      </question>
      <passRank>1</passRank>
    </item>
    <item id="New_Examination_6">
      <question answer="0001">
        <rank>1</rank>
      </question>
      <passRank>1</passRank>
    </item>
    <item id="New_Examination_7">
      <question answer="0010">
        <rank>1</rank>
      </question>
      <passRank>1</passRank>
    </item>
    <item id="New_Examination_8">
      <question answer="0100">
        <rank>1</rank>
      </question>
      <passRank>1</passRank>
    </item>
    <item id="New_Examination_9">
      <question answer="1000">
        <rank>1</rank>
      </question>
      <passRank>1</passRank>
    </item>
    <item id="New_Examination_10">
      <question answer="0100">
        <rank>1</rank>
      </question>
      <passRank>1</passRank>
    </item>
    <item id="New_Examination_11">
      <question answer="0010">
        <rank>1</rank>
      </question>
      <passRank>1</passRank>
    </item>
    <item id="New_Examination_12">
      <question answer="1011">
        <rank>1</rank>
      </question>
      <passRank>1</passRank>
    </item>
    <item id="New_Examination_13">
      <question answer="10000">
        <rank>1</rank>
      </question>
      <passRank>1</passRank>
    </item>
    <item id="New_Examination_14">
      <question answer="11100">
        <rank>1</rank>
      </question>
      <passRank>1</passRank>
    </item>
    <item id="New_Examination_15">
      <question answer="110">
        <rank>1</rank>
      </question>
      <passRank>1</passRank>
    </item>
    <item id="New_Examination_16">
      <question answer="00110">
        <rank>1</rank>
      </question>
      <passRank>1</passRank>
    </item>
    <item id="New_Examination_17">
      <question answer="0001">
        <rank>1</rank>
      </question>
      <passRank>1</passRank>
    </item>
    <item id="New_Examination_18">
      <question answer="0010">
        <rank>1</rank>
      </question>
      <passRank>1</passRank>
    </item>
    <item id="New_Examination_19">
      <question answer="010">
        <rank>1</rank>
      </question>
      <passRank>1</passRank>
    </item>
  </organization>
</answers>