<?xml version="1.0"?>
<answers xmlns:xsi="http://www.w3.org/2001/XMLSchema-instance" xmlns:xsd="http://www.w3.org/2001/XMLSchema">
  <organization id="Organization2">
    <item id="1">
      <question answer="0001">
        <rank>1</rank>
      </question>
      <passRank>1</passRank>
    </item>
    <item id="2">
      <question answer="01001">
        <rank>1</rank>
      </question>
      <passRank>1</passRank>
    </item>
    <item id="3">
      <question answer="0001">
        <rank>1</rank>
      </question>
      <passRank>1</passRank>
    </item>
    <item id="4">
      <question answer="10110">
        <rank>1</rank>
      </question>
      <passRank>1</passRank>
    </item>
    <item id="5">
      <question answer="10000">
        <rank>1</rank>
      </question>
      <passRank>1</passRank>
    </item>
    <item id="6">
      <question answer="0010">
        <rank>1</rank>
      </question>
      <passRank>1</passRank>
    </item>
    <item id="7">
      <question answer="00100">
        <rank>1</rank>
      </question>
      <passRank>1</passRank>
    </item>
    <item id="8">
      <question answer="00100">
        <rank>1</rank>
      </question>
      <passRank>1</passRank>
    </item>
    <item id="9">
      <question answer="1010">
        <rank>1</rank>
      </question>
      <passRank>1</passRank>
    </item>
    <item id="10">
      <question answer="00100">
        <rank>1</rank>
      </question>
      <passRank>1</passRank>
    </item>
    <item id="11">
      <question answer="0001">
        <rank>1</rank>
      </question>
      <passRank>1</passRank>
    </item>
    <item id="12">
      <question answer="00001">
        <rank>1</rank>
      </question>
      <passRank>1</passRank>
    </item>
    <item id="12">
      <question answer="00001">
        <rank>1</rank>
      </question>
      <passRank>1</passRank>
    </item>
    <item id="14">
      <question answer="0010">
        <rank>1</rank>
      </question>
      <passRank>1</passRank>
    </item>
    <item id="13">
      <question answer="0010">
        <rank>1</rank>
      </question>
      <passRank>1</passRank>
    </item>
    <item id="14">
      <question answer="0010">
        <rank>1</rank>
      </question>
      <passRank>1</passRank>
    </item>
    <item id="15">
      <question answer="0100">
        <rank>1</rank>
      </question>
      <passRank>1</passRank>
    </item>
    <item id="16">
      <question answer="10">
        <rank>1</rank>
      </question>
      <passRank>1</passRank>
    </item>
    <item id="17">
      <question answer="0010">
        <rank>1</rank>
      </question>
      <passRank>1</passRank>
    </item>
    <item id="18">
      <question answer="01">
        <rank>1</rank>
      </question>
      <passRank>1</passRank>
    </item>
    <item id="19">
      <question answer="10100">
        <rank>1</rank>
      </question>
      <passRank>1</passRank>
    </item>
    <item id="20">
      <question answer="00000">
        <rank>1</rank>
      </question>
      <passRank>1</passRank>
    </item>
    <item id="21">
      <question answer="10010">
        <rank>1</rank>
      </question>
      <passRank>1</passRank>
    </item>
  </organization>
</answers>