<?xml version="1.0"?>
<manifest xmlns:imsss="http://www.imsglobal.org/xsd/imsss" xmlns:adlnav="http://www.adlnet.org/xsd/adlnav_v1p3" xmlns:imsmd="http://www.imsglobal.org/xsd/imsmd_v1p2" xmlns:adlseq="http://www.adlnet.org/xsd/adlseq_v1p3" xmlns:adlcp="http://www.adlnet.org/xsd/adlcp_v1p3" identifier="2" xmlns="http://www.imsglobal.org/xsd/imscp_v1p1">
  <organizations default="Organization2">
    <organization identifier="Organization2">
      <title>2</title>
      <item identifier="Middle_Level" identifierref="" pagetype="Chapter">
        <title>Middle Level</title>
        <item identifier="1" identifierref="New_Examination" pagetype="Question">
          <title>1</title>
          <imsss:sequencing>
            <imsss:controlMode choice="false" flow="true" forwardOnly="true" />
            <imsss:limitConditions attemptLimit="1" />
            <imsss:auxiliaryResources />
          </imsss:sequencing>
        </item>
        <item identifier="2" identifierref="New_Examination_1" pagetype="Question">
          <title>2</title>
          <imsss:sequencing>
            <imsss:controlMode choice="false" flow="true" forwardOnly="true" />
            <imsss:limitConditions attemptLimit="1" />
            <imsss:auxiliaryResources />
          </imsss:sequencing>
        </item>
        <item identifier="3" identifierref="New_Examination_2" pagetype="Question">
          <title>3</title>
          <imsss:sequencing>
            <imsss:controlMode choice="false" flow="true" forwardOnly="true" />
            <imsss:limitConditions attemptLimit="1" />
            <imsss:auxiliaryResources />
          </imsss:sequencing>
        </item>
        <item identifier="4" identifierref="New_Examination_3" pagetype="Question">
          <title>4</title>
          <imsss:sequencing>
            <imsss:controlMode choice="false" flow="true" forwardOnly="true" />
            <imsss:limitConditions attemptLimit="1" />
            <imsss:auxiliaryResources />
          </imsss:sequencing>
        </item>
        <item identifier="5" identifierref="New_Examination_4" pagetype="Question">
          <title>5</title>
          <imsss:sequencing>
            <imsss:controlMode choice="false" flow="true" forwardOnly="true" />
            <imsss:limitConditions attemptLimit="1" />
            <imsss:auxiliaryResources />
          </imsss:sequencing>
        </item>
        <item identifier="6" identifierref="New_Examination_5" pagetype="Question">
          <title>6</title>
          <imsss:sequencing>
            <imsss:controlMode choice="false" flow="true" forwardOnly="true" />
            <imsss:limitConditions attemptLimit="1" />
            <imsss:auxiliaryResources />
          </imsss:sequencing>
        </item>
        <item identifier="7" identifierref="New_Examination_6" pagetype="Question">
          <title>7</title>
          <imsss:sequencing>
            <imsss:controlMode choice="false" flow="true" forwardOnly="true" />
            <imsss:limitConditions attemptLimit="1" />
            <imsss:auxiliaryResources />
          </imsss:sequencing>
        </item>
        <item identifier="8" identifierref="New_Examination_7" pagetype="Question">
          <title>8</title>
          <imsss:sequencing>
            <imsss:controlMode choice="false" flow="true" forwardOnly="true" />
            <imsss:limitConditions attemptLimit="1" />
            <imsss:auxiliaryResources />
          </imsss:sequencing>
        </item>
        <item identifier="9" identifierref="New_Examination_8" pagetype="Question">
          <title>9</title>
          <imsss:sequencing>
            <imsss:controlMode choice="false" flow="true" forwardOnly="true" />
            <imsss:limitConditions attemptLimit="1" />
            <imsss:auxiliaryResources />
          </imsss:sequencing>
        </item>
        <item identifier="10" identifierref="New_Examination_9" pagetype="Question">
          <title>10</title>
          <imsss:sequencing>
            <imsss:controlMode choice="false" flow="true" forwardOnly="true" />
            <imsss:limitConditions attemptLimit="1" />
            <imsss:auxiliaryResources />
          </imsss:sequencing>
        </item>
        <item identifier="11" identifierref="New_Examination_10" pagetype="Question">
          <title>11</title>
          <imsss:sequencing>
            <imsss:controlMode choice="false" flow="true" forwardOnly="true" />
            <imsss:limitConditions attemptLimit="1" />
            <imsss:auxiliaryResources />
          </imsss:sequencing>
        </item>
        <item identifier="12" identifierref="New_Examination_12" pagetype="Question">
          <title>12</title>
          <imsss:sequencing>
            <imsss:controlMode choice="false" flow="true" forwardOnly="true" />
            <imsss:limitConditions attemptLimit="1" />
            <imsss:auxiliaryResources />
          </imsss:sequencing>
        </item>
        <item identifier="13" identifierref="New_Examination_14" pagetype="Question">
          <title>13</title>
          <imsss:sequencing>
            <imsss:controlMode choice="false" flow="true" forwardOnly="true" />
            <imsss:limitConditions attemptLimit="1" />
            <imsss:auxiliaryResources />
          </imsss:sequencing>
        </item>
        <item identifier="14" identifierref="New_Examination_15" pagetype="Question">
          <title>14</title>
          <imsss:sequencing>
            <imsss:controlMode choice="false" flow="true" forwardOnly="true" />
            <imsss:limitConditions attemptLimit="1" />
            <imsss:auxiliaryResources />
          </imsss:sequencing>
        </item>
        <item identifier="15" identifierref="New_Examination_16" pagetype="Question">
          <title>15</title>
          <imsss:sequencing>
            <imsss:controlMode choice="false" flow="true" forwardOnly="true" />
            <imsss:limitConditions attemptLimit="1" />
            <imsss:auxiliaryResources />
          </imsss:sequencing>
        </item>
        <item identifier="16" identifierref="New_Examination_17" pagetype="Question">
          <title>16</title>
          <imsss:sequencing>
            <imsss:controlMode choice="false" flow="true" forwardOnly="true" />
            <imsss:limitConditions attemptLimit="1" />
            <imsss:auxiliaryResources />
          </imsss:sequencing>
        </item>
        <item identifier="17" identifierref="New_Examination_18" pagetype="Question">
          <title>17</title>
          <imsss:sequencing>
            <imsss:controlMode choice="false" flow="true" forwardOnly="true" />
            <imsss:limitConditions attemptLimit="1" />
            <imsss:auxiliaryResources />
          </imsss:sequencing>
        </item>
        <item identifier="18" identifierref="New_Examination_19" pagetype="Question">
          <title>18</title>
          <imsss:sequencing>
            <imsss:controlMode choice="false" flow="true" forwardOnly="true" />
            <imsss:limitConditions attemptLimit="1" />
            <imsss:auxiliaryResources />
          </imsss:sequencing>
        </item>
        <item identifier="19" identifierref="New_Examination_20" pagetype="Question">
          <title>19</title>
          <imsss:sequencing>
            <imsss:controlMode choice="false" flow="true" forwardOnly="true" />
            <imsss:limitConditions attemptLimit="1" />
            <imsss:auxiliaryResources />
          </imsss:sequencing>
        </item>
        <item identifier="20" identifierref="New_Examination_21" pagetype="Question">
          <title>20</title>
          <imsss:sequencing>
            <imsss:controlMode choice="false" flow="true" forwardOnly="true" />
            <imsss:limitConditions attemptLimit="1" />
            <imsss:auxiliaryResources />
          </imsss:sequencing>
        </item>
        <item identifier="21" identifierref="New_Examination_22" pagetype="Question">
          <title>21</title>
          <imsss:sequencing>
            <imsss:controlMode choice="false" flow="true" forwardOnly="true" />
            <imsss:limitConditions attemptLimit="1" />
            <imsss:auxiliaryResources />
          </imsss:sequencing>
        </item>
      </item>
    </organization>
  </organizations>
  <resources>
    <resource adlcp:scormType="sco" identifier="New_Examination" type="webcontent" href="New_Examination.html">
      <file href="New_Examination.html" />
      <description />
    </resource>
    <resource adlcp:scormType="sco" identifier="New_Examination_1" type="webcontent" href="New_Examination_1.html">
      <file href="New_Examination_1.html" />
      <description />
    </resource>
    <resource adlcp:scormType="sco" identifier="New_Examination_2" type="webcontent" href="New_Examination_2.html">
      <file href="New_Examination_2.html" />
      <description />
    </resource>
    <resource adlcp:scormType="sco" identifier="New_Examination_3" type="webcontent" href="New_Examination_3.html">
      <file href="New_Examination_3.html" />
      <description />
    </resource>
    <resource adlcp:scormType="sco" identifier="New_Examination_4" type="webcontent" href="New_Examination_4.html">
      <file href="New_Examination_4.html" />
      <description />
    </resource>
    <resource adlcp:scormType="sco" identifier="New_Examination_5" type="webcontent" href="New_Examination_5.html">
      <file href="New_Examination_5.html" />
      <description />
    </resource>
    <resource adlcp:scormType="sco" identifier="New_Examination_6" type="webcontent" href="New_Examination_6.html">
      <file href="New_Examination_6.html" />
      <description />
    </resource>
    <resource adlcp:scormType="sco" identifier="New_Examination_7" type="webcontent" href="New_Examination_7.html">
      <file href="New_Examination_7.html" />
      <description />
    </resource>
    <resource adlcp:scormType="sco" identifier="New_Examination_8" type="webcontent" href="New_Examination_8.html">
      <file href="New_Examination_8.html" />
      <description />
    </resource>
    <resource adlcp:scormType="sco" identifier="New_Examination_9" type="webcontent" href="New_Examination_9.html">
      <file href="New_Examination_9.html" />
      <description />
    </resource>
    <resource adlcp:scormType="sco" identifier="New_Examination_10" type="webcontent" href="New_Examination_10.html">
      <file href="New_Examination_10.html" />
      <description />
    </resource>
    <resource adlcp:scormType="sco" identifier="New_Examination_11" type="webcontent" href="New_Examination_11.html">
      <file href="New_Examination_11.html" />
      <description />
    </resource>
    <resource adlcp:scormType="sco" identifier="New_Examination_12" type="webcontent" href="New_Examination_12.html">
      <file href="New_Examination_12.html" />
      <description />
    </resource>
    <resource adlcp:scormType="sco" identifier="New_Examination_13" type="webcontent" href="New_Examination_13.html">
      <file href="New_Examination_13.html" />
      <description />
    </resource>
    <resource adlcp:scormType="sco" identifier="New_Examination_14" type="webcontent" href="New_Examination_14.html">
      <file href="New_Examination_14.html" />
      <description />
    </resource>
    <resource adlcp:scormType="sco" identifier="New_Examination_15" type="webcontent" href="New_Examination_15.html">
      <file href="New_Examination_15.html" />
      <description />
    </resource>
    <resource adlcp:scormType="sco" identifier="New_Examination_16" type="webcontent" href="New_Examination_16.html">
      <file href="New_Examination_16.html" />
      <description />
    </resource>
    <resource adlcp:scormType="sco" identifier="New_Examination_17" type="webcontent" href="New_Examination_17.html">
      <file href="New_Examination_17.html" />
      <description />
    </resource>
    <resource adlcp:scormType="sco" identifier="New_Examination_18" type="webcontent" href="New_Examination_18.html">
      <file href="New_Examination_18.html" />
      <description />
    </resource>
    <resource adlcp:scormType="sco" identifier="New_Examination_19" type="webcontent" href="New_Examination_19.html">
      <file href="New_Examination_19.html" />
      <description />
    </resource>
    <resource adlcp:scormType="sco" identifier="New_Examination_20" type="webcontent" href="New_Examination_20.html">
      <file href="New_Examination_20.html" />
      <description />
    </resource>
    <resource adlcp:scormType="sco" identifier="New_Examination_21" type="webcontent" href="New_Examination_21.html">
      <file href="New_Examination_21.html" />
      <description />
    </resource>
    <resource adlcp:scormType="sco" identifier="New_Examination_22" type="webcontent" href="New_Examination_22.html">
      <file href="New_Examination_22.html" />
      <description />
    </resource>
  </resources>
  <Title>2</Title>
</manifest>