<?xml version="1.0"?>
<manifest xmlns:imsss="http://www.imsglobal.org/xsd/imsss" xmlns:adlnav="http://www.adlnet.org/xsd/adlnav_v1p3" xmlns:imsmd="http://www.imsglobal.org/xsd/imsmd_v1p2" xmlns:adlseq="http://www.adlnet.org/xsd/adlseq_v1p3" xmlns:adlcp="http://www.adlnet.org/xsd/adlcp_v1p3" identifier="New Course" xmlns="http://www.imsglobal.org/xsd/imscp_v1p1">
  <metadata>
    <schema>ADL SCORM</schema>
    <schemaversion>2004 4th Edition</schemaversion>
  </metadata>
  <organizations default="Organization1">
    <organization identifier="Organization1" adlseq:objectivesGlobalToSystem="false">
      <title>New Course</title>
      <imsss:sequencing>
        <imsss:controlMode flow="true" />
        <imsss:auxiliaryResources />
      </imsss:sequencing>
      <item identifier="f505884f-b95a-4933-bb75-7eaed97881ab" pagetype="ControlChapter">
        <title>New ControlChapter</title>
        <imsss:sequencing>
          <imsss:controlMode choice="false" choiceExit="false" flow="true" forwardOnly="true" />
          <imsss:limitConditions attemptLimit="1" />
          <imsss:objectives>
            <imsss:primaryObjective objectiveID="f505884f-b95a-4933-bb75-7eaed97881ab_satisfied">
              <imsss:mapInfo targetObjectiveID="global.f505884f-b95a-4933-bb75-7eaed97881ab" writeSatisfiedStatus="true" />
            </imsss:primaryObjective>
          </imsss:objectives>
        </imsss:sequencing>
        <item identifier="New_Examination" identifierref="New_Examination" pagetype="Question">
          <title>New Examination</title>
          <imsss:sequencing>
            <imsss:limitConditions attemptLimit="1" />
            <imsss:rollupRules objectiveMeasureWeight="0" />
            <imsss:objectives>
              <imsss:primaryObjective objectiveID="New_Examination_satisfied">
                <imsss:mapInfo targetObjectiveID="global.New_Examination" writeSatisfiedStatus="true" />
              </imsss:primaryObjective>
            </imsss:objectives>
            <imsss:deliveryControls completionSetByContent="true" objectiveSetByContent="true" />
          </imsss:sequencing>
        </item>
      </item>
    </organization>
  </organizations>
  <resources>
    <resource adlcp:scormType="sco" identifier="New_Examination" type="webcontent" href="New_Examination.html">
      <file href="New_Examination.html" />
      <dependency identifierref="ExaminationDependency" />
    </resource>
    <resource adlcp:scormType="asset" identifier="ExaminationDependency" type="webcontent">
      <file href="LMSDebugger.js" />
      <file href="LMSIntf.js" />
      <file href="jquery.min.extended.js" />
      <file href="SCOObj.js" />
      <file href="expressInstall.swf" />
      <file href="flXHR.swf" />
      <file href="flXHR.js" />
      <file href="flensed.js" />
      <file href="checkplayer.js" />
      <file href="swfobject.js" />
    </resource>
  </resources>
  <sequencingCollection />
</manifest>