<?xml version="1.0"?>
<manifest xmlns:imsss="http://www.imsglobal.org/xsd/imsss" xmlns:adlnav="http://www.adlnet.org/xsd/adlnav_v1p3" xmlns:imsmd="http://www.imsglobal.org/xsd/imsmd_v1p2" xmlns:adlseq="http://www.adlnet.org/xsd/adlseq_v1p3" xmlns:adlcp="http://www.adlnet.org/xsd/adlcp_v1p3" identifier="newEditor1" xmlns="http://www.imsglobal.org/xsd/imscp_v1p1">
  <metadata>
    <schema>ADL SCORM</schema>
    <schemaversion>2004 4th Edition</schemaversion>
  </metadata>
  <organizations default="Organization1">
    <organization identifier="Organization1" adlseq:objectivesGlobalToSystem="false">
      <title>newEditor1</title>
      <imsss:sequencing>
        <imsss:controlMode flow="true" />
        <imsss:objectives>
          <imsss:primaryObjective objectiveID="Organization1_satisfied" />
        </imsss:objectives>
      </imsss:sequencing>
      <item identifier="a4314986-b4ca-40c3-8164-45e9153df0ae" pagetype="ControlChapter">
        <title>New ControlChapter</title>
        <imsss:sequencing>
          <imsss:controlMode flow="true" />
        </imsss:sequencing>
        <item identifier="New_Theory" identifierref="New_Theory" pagetype="Theory">
          <title>New Theory</title>
          <imsss:sequencing IDRef="common_seq_rule_postTestPattern">
            <imsss:objectives>
              <imsss:primaryObjective objectiveID="New_Theory_satisfied">
                <imsss:mapInfo targetObjectiveID="global.New_Theory" writeSatisfiedStatus="true" />
              </imsss:primaryObjective>
            </imsss:objectives>
            <imsss:deliveryControls />
          </imsss:sequencing>
        </item>
        <item identifier="New_Examination" identifierref="New_Examination" pagetype="Question">
          <title>New Examination</title>
          <imsss:sequencing>
            <imsss:sequencingRules>
              <imsss:preConditionRule>
                <imsss:ruleConditions conditionCombination="any">
                  <imsss:ruleCondition referencedObjective="previous_sco_satisfied" operator="not" condition="satisfied" />
                  <imsss:ruleCondition referencedObjective="previous_sco_satisfied" operator="not" condition="objectiveStatusKnown" />
                </imsss:ruleConditions>
                <imsss:ruleAction action="disabled" />
              </imsss:preConditionRule>
            </imsss:sequencingRules>
            <imsss:limitConditions attemptLimit="1" />
            <imsss:rollupRules />
            <imsss:objectives>
              <imsss:primaryObjective objectiveID="New_Examination_satisfied" />
              <imsss:objective objectiveID="previous_sco_satisfied">
                <imsss:mapInfo targetObjectiveID="global.New_Theory" />
              </imsss:objective>
            </imsss:objectives>
            <imsss:deliveryControls completionSetByContent="true" objectiveSetByContent="true" />
          </imsss:sequencing>
        </item>
        <sequencingPatterns>
          <sequencingPattern>cochDefPattern</sequencingPattern>
          <sequencingPattern>postTestPattern</sequencingPattern>
        </sequencingPatterns>
      </item>
      <sequencingPatterns>
        <sequencingPattern>orgDefPattern</sequencingPattern>
      </sequencingPatterns>
    </organization>
  </organizations>
  <resources>
    <resource adlcp:scormType="sco" identifier="New_Examination" type="webcontent" href="New_Examination.html">
      <file href="New_Examination.html" />
      <dependency identifierref="ExaminationDependency" />
    </resource>
    <resource adlcp:scormType="asset" identifier="ExaminationDependency" type="webcontent">
      <file href="help.js" />
      <file href="LMSDebugger.js" />
      <file href="LMSIntf.js" />
      <file href="jquery.min.extended.js" />
      <file href="SCOObj.js" />
      <file href="expressInstall.swf" />
      <file href="flXHR.swf" />
      <file href="flXHR.js" />
      <file href="flensed.js" />
      <file href="checkplayer.js" />
      <file href="swfobject.js" />
    </resource>
    <resource adlcp:scormType="asset" identifier="New_Theory" type="webcontent" href="New_Theory.html">
      <file href="New_Theory.html" />
    </resource>
  </resources>
  <sequencingCollection>
    <imsss:sequencing ID="common_seq_rule_postTestPattern">
      <imsss:rollupRules rollupObjectiveSatisfied="false" rollupProgressCompletion="false" objectiveMeasureWeight="0" />
    </imsss:sequencing>
  </sequencingCollection>
</manifest>