<?xml version="1.0"?>
<manifest xmlns:imsss="http://www.imsglobal.org/xsd/imsss" xmlns:adlnav="http://www.adlnet.org/xsd/adlnav_v1p3" xmlns:imsmd="http://www.imsglobal.org/xsd/imsmd_v1p2" xmlns:adlseq="http://www.adlnet.org/xsd/adlseq_v1p3" xmlns:adlcp="http://www.adlnet.org/xsd/adlcp_v1p3" identifier="newEditor2" xmlns="http://www.imsglobal.org/xsd/imscp_v1p1">
  <metadata>
    <schema>ADL SCORM</schema>
    <schemaversion>2004 4th Edition</schemaversion>
  </metadata>
  <organizations default="Organization3">
    <organization identifier="Organization3" adlseq:objectivesGlobalToSystem="false">
      <title>newEditor2</title>
      <imsss:sequencing>
        <imsss:controlMode flow="true" />
        <imsss:objectives>
          <imsss:primaryObjective objectiveID="Organization3_satisfied" />
        </imsss:objectives>
      </imsss:sequencing>
      <item identifier="dd0ccc62-3533-4617-bdd3-b05c50997319" identifierref="" pagetype="ControlChapter">
        <title>New Grouping ControlChapter</title>
        <imsss:sequencing>
          <imsss:controlMode choice="false" choiceExit="false" flow="true" forwardOnly="true" />
          <imsss:limitConditions attemptLimit="1" />
          <imsss:objectives>
            <imsss:primaryObjective objectiveID="dd0ccc62-3533-4617-bdd3-b05c50997319_satisfied" />
          </imsss:objectives>
        </imsss:sequencing>
        <item identifier="New_Examination_1" identifierref="New_Examination_1" pagetype="Question">
          <title>New Examination</title>
          <imsss:sequencing>
            <imsss:limitConditions attemptLimit="1" />
            <imsss:rollupRules />
            <imsss:objectives>
              <imsss:primaryObjective objectiveID="New_Examination_1_satisfied" />
            </imsss:objectives>
            <imsss:deliveryControls completionSetByContent="true" objectiveSetByContent="true" />
          </imsss:sequencing>
        </item>
        <sequencingPatterns>
          <sequencingPattern>cochDefPattern</sequencingPattern>
        </sequencingPatterns>
      </item>
      <sequencingPatterns>
        <sequencingPattern>orgDefPattern</sequencingPattern>
      </sequencingPatterns>
    </organization>
  </organizations>
  <resources>
    <resource adlcp:scormType="asset" identifier="ExaminationDependency" type="webcontent">
      <file href="help.js" />
      <file href="LMSDebugger.js" />
      <file href="LMSIntf.js" />
      <file href="jquery.min.extended.js" />
      <file href="SCOObj.js" />
      <file href="expressInstall.swf" />
      <file href="flXHR.swf" />
      <file href="flXHR.js" />
      <file href="flensed.js" />
      <file href="checkplayer.js" />
      <file href="swfobject.js" />
      <description />
    </resource>
    <resource adlcp:scormType="sco" identifier="New_Examination_1" type="webcontent" href="New_Examination_1.html">
      <file href="New_Examination_1.html" />
      <dependency identifierref="ExaminationDependency" />
      <description />
    </resource>
  </resources>
  <sequencingCollection>
    <imsss:sequencing ID="common_seq_rule_postTestPattern">
      <imsss:rollupRules rollupObjectiveSatisfied="false" rollupProgressCompletion="false" objectiveMeasureWeight="0" />
    </imsss:sequencing>
  </sequencingCollection>
</manifest>